{
 "KK": [
  [
   484.3902884693779,
   0.0,
   359.50000343668137
  ],
  [
   0.0,
   730.5665190852465,
   639.4999981458845
  ],
  [
   0.0,
   0.0,
   1.0
  ]
 ],
 "Kc": [
  [
   -0.04327892605564115,
   0.00008322703351661759,
   -0.008936257678709005,
   0.024703269877233883,
   2.5638661810637675e-7
  ]
 ]
}